1,1.58,1.05,1.15,1.22,0.54,0.73,0.82,0.82,0.9,0.73,0.75,1
1,1.1,0.97,1,0.9,0.67,0.81,0.88,0.77,0.71,0.57,0.46,1
1,0.97,1,0.85,0.84,0.72,0.66,0.68,0.47,0.61,0.59,0.65,1
1,1.21,1.29,1.08,0.89,0.88,0.66,0.85,0.67,0.58,0.82,0.6,1
1,1.45,1.44,1.12,1.1,1.15,0.79,0.77,0.78,0.71,0.67,0.36,1
1,1.15,1.1,1,1.08,0.79,0.98,1.03,0.59,0.57,0.46,0.39,1
1,1.32,1.35,1.13,1,0.91,1.22,1.05,0.58,0.57,0.53,0.43,1
1,1.01,1.38,1.21,0.79,0.85,0.78,0.73,0.64,0.58,0.43,0.47,1
1,0.85,1.03,1,0.81,0.82,0.73,0.51,0.24,0.54,0.43,0.51,1
1,1.12,0.92,1.01,0.86,0.86,0.7,0.62,0.36,0.37,0.35,0.38,1
1,1.23,1.21,0.95,0.81,0.91,0.87,0.75,0.4,0.54,0.52,0.52,1
1,0.96,1.19,1.08,0.78,0.61,0.53,0.54,0.34,0.61,0.51,0.46,1
1,0.73,0.85,0.74,0.62,0.57,0.47,0.43,0.42,0.53,0.38,0.3,1
1,0.66,0.49,0.59,0.98,0.85,0.43,0.25,0.23,0.62,0.67,0.55,1
1,0.98,0.82,0.88,0.82,0.88,0.48,0.34,0.5,0.93,0.61,0.75,1
1,1.01,0.81,0.78,0.64,0.89,0.46,0.26,0.51,0.71,0.6,0.53,1
1,1.08,1.17,1.03,1.04,1.05,0.77,0.44,0.64,0.74,0.88,0.67,1
1,0.86,0.47,0.52,0.77,0.48,0.42,0.32,0.2,0.32,0.49,0.41,1
1,0.81,0.49,0.75,0.82,0.6,0.45,0.35,0.29,0.46,0.49,0.54,1
1,0.72,0.53,0.66,0.86,0.57,0.64,0.38,0.42,0.47,0.54,0.61,1
1,0.84,0.69,0.69,0.69,0.7,0.53,0.38,0.31,0.64,0.39,0.39,1
1,0.91,0.86,0.73,1.14,0.67,0.65,0.44,0.42,0.75,0.48,0.54,1
1,0.92,0.81,0.81,1.01,0.7,0.57,0.45,0.5,0.76,0.56,0.62,1
1,0.98,0.64,0.75,1.16,0.75,0.55,0.28,0.39,0.74,0.63,0.57,1
1,1.33,0.8,1.13,1.3,1.01,0.9,0.53,0.53,0.89,0.88,0.75,1
1,1,0.74,0.95,0.95,0.89,0.73,0.56,0.39,0.8,0.72,0.56,1
1,1.15,0.94,0.86,1.18,1.07,0.65,0.58,0.52,0.77,0.74,0.83,1
1,0.76,0.97,0.79,0.58,0.49,0.6,0.37,0.42,0.99,0.68,0.54,1
1,0.87,0.98,0.84,0.88,0.58,0.5,0.47,0.41,1.21,0.57,0.65,1
1,0.92,0.8,0.74,0.67,0.59,0.55,0.43,0.48,0.76,0.85,0.68,1
1,0.78,0.82,0.81,0.68,0.51,0.46,0.45,0.37,0.92,0.73,0.76,1
1,0.86,0.67,0.79,0.74,0.62,0.51,0.52,0.52,0.89,0.7,0.77,1
1,0.98,0.73,1.08,0.94,0.72,0.64,0.57,0.57,0.93,0.77,0.78,1
1,1.04,1.01,0.81,0.95,0.63,0.69,0.62,0.49,0.99,0.98,0.83,1
1,0.95,0.95,1,0.96,0.68,0.61,0.53,0.47,0.46,0.83,0.43,1
1,1.25,0.98,0.77,0.98,0.56,0.57,0.51,0.4,0.56,0.62,0.74,1
1,0.89,0.8,0.68,0.87,0.66,0.59,0.55,0.5,0.6,0.63,0.7,1
1,1.32,0.99,0.78,0.98,0.6,0.6,0.65,0.47,0.53,0.51,0.56,1
1,1.03,0.83,0.68,1.07,0.85,0.65,0.8,0.65,0.62,0.63,0.66,1
1,0.61,0.69,0.55,0.6,0.49,0.35,0.35,0.24,0.35,0.5,0.57,1
1,0.95,1.33,1.32,0.79,0.54,0.57,0.35,0.36,0.5,0.45,0.48,1
1,0.68,1.06,0.99,0.58,0.42,0.22,0.2,0.28,0.5,0.51,0.53,1
1,0.94,0.95,0.86,0.66,0.6,0.48,0.45,0.48,0.54,0.54,0.68,1
1,0.82,0.85,0.82,0.75,0.55,0.57,0.37,0.5,0.71,0.53,0.65,1
1,0.81,0.88,0.69,0.78,0.58,0.5,0.4,0.53,0.72,0.43,0.65,1
1,1.08,1.28,1.16,0.99,0.68,0.63,0.38,0.4,0.74,0.55,0.53,1
1,0.85,1.1,1.02,0.84,0.68,0.79,0.31,0.36,0.76,0.52,0.58,1
1,0.46,0.82,0.72,0.5,0.42,0.37,0.28,0.2,0.47,0.4,0.54,1
1,0.81,1.22,1.08,0.8,0.68,0.71,0.52,0.44,0.71,0.67,0.79,1
1,0.51,0.73,0.96,0.84,0.77,0.7,0.27,0.43,0.63,0.32,0.4,1
1,0.82,0.95,1.02,0.74,0.85,0.74,0.54,0.65,0.71,0.43,0.55,1
1,1.23,1.03,0.99,1.03,0.87,0.63,0.55,0.42,0.58,0.5,0.71,1
1,0.8,0.66,0.72,0.74,0.68,0.51,0.3,0.36,0.43,0.31,0.34,1
1,0.92,0.76,0.7,0.93,0.86,0.62,0.5,0.65,0.56,0.57,0.53,1
1,0.73,1.31,0.85,0.89,0.6,0.57,0.41,0.41,0.57,0.43,0.4,1
1,0.94,0.99,0.78,1.07,0.6,0.57,0.34,0.36,0.52,0.43,0.38,1
1,1.03,0.91,0.78,0.77,0.68,0.52,0.46,0.5,0.65,0.64,0.6,1
1,1.01,0.93,0.85,0.79,0.67,0.45,0.47,0.44,0.41,0.38,0.43,1
1,0.86,0.85,0.94,0.67,0.78,0.64,0.45,0.53,0.48,0.46,0.4,1
1,0.83,0.65,0.69,0.51,0.63,0.59,0.41,0.32,0.51,0.36,0.4,1
1,0.7,0.76,0.85,0.61,0.72,0.73,0.44,0.47,0.62,0.57,0.52,1
1,1.11,1.05,0.71,0.83,0.72,0.69,0.68,0.6,0.72,0.66,0.57,1
1,0.96,1.2,1.04,0.76,0.89,0.79,0.83,0.63,0.8,0.73,0.57,1
1,1,1.06,1.02,0.94,1.04,0.46,0.56,0.84,0.79,0.57,0.62,1
1,1.02,1.06,0.75,0.99,0.65,0.46,0.31,0.26,0.34,0.24,0.27,1
1,0.93,1.2,0.81,0.97,0.78,0.69,0.63,0.41,0.41,0.32,0.33,1
1,1.03,0.61,0.76,1.03,0.72,0.61,0.49,0.35,0.37,0.29,0.28,1
1,1.04,0.87,0.94,0.96,0.8,0.66,0.58,0.43,0.54,0.44,0.51,1
1,0.93,0.67,0.69,0.62,0.75,0.54,0.42,0.37,0.52,0.29,0.25,1
1,0.98,0.88,0.67,0.74,0.64,0.43,0.32,0.22,0.24,0.25,0.46,1
1,0.88,0.77,0.69,0.8,0.56,0.4,0.36,0.22,0.2,0.24,0.46,1
1,1,0.96,1.21,1.1,0.95,0.68,0.43,0.46,0.49,0.55,0.58,1
1,1.01,1.03,1.07,1.06,0.85,0.65,0.45,0.43,0.34,0.43,0.5,1
1,0.97,1.22,1.12,0.84,0.94,0.74,0.56,0.51,0.46,0.56,0.46,1
1,1.31,1.45,1.5,1.38,0.93,0.76,0.62,0.59,0.61,0.49,0.56,1
1,1.18,0.73,0.83,0.79,0.61,0.39,0.24,0.17,0.38,0.35,0.38,1
1,0.93,0.77,0.84,0.74,0.66,0.5,0.35,0.31,0.52,0.43,0.44,1
1,0.91,0.92,0.81,0.73,0.51,0.36,0.3,0.23,0.37,0.32,0.36,1
1,1.08,0.84,0.95,0.94,0.82,0.59,0.54,0.24,0.49,0.48,0.63,1
1,0.88,0.86,0.67,0.72,0.83,0.54,0.5,0.34,0.45,0.5,0.47,1
1,1.06,1,1.02,1.07,1.16,0.68,0.49,0.4,0.55,0.82,0.91,1
1,1.32,1.27,0.87,1.04,1.05,0.81,0.52,0.43,0.69,0.7,0.69,1
1,1.11,1.03,0.76,0.8,0.6,0.52,0.45,0.32,0.33,0.51,0.61,1
1,0.74,0.95,0.89,0.73,0.36,0.2,0.22,0.19,0.23,0.16,0.19,1
1,0.81,0.93,0.75,1.18,0.54,0.31,0.34,0.23,0.31,0.36,0.36,1
1,1.05,0.96,0.98,0.87,0.54,0.31,0.31,0.41,0.48,0.36,0.36,1
1,1.08,1.47,1.46,1.02,0.58,0.49,0.49,0.63,0.67,0.57,0.62,1
1,1.3,1.27,1.07,1.05,0.64,0.42,0.48,0.61,0.7,0.58,0.57,1
1,1.05,1.27,0.86,1.04,0.61,0.49,0.55,0.52,0.58,0.61,0.56,1
1,1.16,1.2,0.93,0.86,0.49,0.45,0.53,0.45,0.56,0.64,0.64,1
1,1.05,1.13,1.01,0.77,0.43,0.33,0.51,0.49,0.6,0.5,0.69,1
1,0.85,1.07,1.05,0.83,0.59,0.39,0.61,0.67,0.55,0.69,0.69,1
1,1.09,0.92,1.12,1.16,0.53,0.48,0.7,0.59,0.54,0.42,0.41,1
1,1.2,1.21,0.81,0.81,0.69,0.51,0.47,0.56,0.43,0.72,0.75,1
1,1.12,1.04,1.02,0.79,0.77,0.51,0.49,0.69,0.61,0.85,0.99,1
1,0.95,0.78,1.01,0.85,0.88,0.54,0.43,0.57,0.57,0.69,0.74,1
1,0.7,1.56,1.24,0.79,0.74,0.49,0.52,0.42,0.64,0.67,0.65,1
1,0.72,0.84,0.76,0.79,0.87,0.5,0.54,0.45,0.7,0.56,0.78,1
1,0.97,0.83,1.09,1.01,1.1,0.69,0.61,0.69,0.49,0.66,0.75,1
1,1.12,1.64,1.18,0.76,0.8,0.62,0.58,0.47,0.6,0.55,0.49,1
1,2.02,0.98,1.08,1.05,0.46,0.5,0.8,1.5,1.91,1.9,1.86,2
1,1.25,0.81,0.63,1.05,0.45,0.51,0.67,1.41,1.82,1.4,1.59,2
1,1.17,0.62,0.77,0.89,0.58,0.61,0.67,1.03,1.58,1.34,1.56,2
1,0.98,0.57,0.87,0.72,0.45,0.48,0.76,0.69,1.11,1.07,1.21,2
1,0.86,0.77,0.97,0.83,0.51,0.7,0.82,0.86,1.22,1.62,1.68,2
1,0.76,0.71,0.79,0.56,0.5,0.49,0.63,1.13,0.95,1.21,1.28,2
1,1.01,0.65,1.1,0.93,0.44,0.35,0.37,0.79,1.07,1.01,0.87,2
1,1.01,0.85,0.98,0.84,0.25,0.25,0.27,0.51,0.86,0.89,1.18,2
1,0.97,0.77,0.92,0.91,0.52,0.4,0.39,0.94,1.02,1.3,1.47,2
1,0.9,0.59,0.44,0.64,0.33,0.23,0.33,0.58,0.94,0.71,0.72,2
1,0.81,0.63,0.77,0.96,0.45,0.41,0.48,0.65,0.69,0.82,1.01,2
1,0.97,0.54,0.75,0.85,0.47,0.48,0.5,0.6,0.77,0.83,0.83,2
1,0.7,0.52,0.7,1.01,0.46,0.39,0.59,0.59,0.73,0.74,0.69,2
1,0.78,0.63,0.7,0.87,0.49,0.54,0.75,0.82,0.8,0.86,0.96,2
1,1.06,0.61,0.85,0.87,0.56,0.65,0.74,0.76,1.1,0.9,0.85,2
1,1.09,0.92,0.77,1.01,0.72,0.88,0.73,0.8,1.13,1.11,0.98,2
1,0.94,0.62,0.67,0.7,0.72,0.93,0.84,0.92,1.21,1.06,1.21,2
1,0.89,0.72,0.57,0.99,0.7,0.62,0.47,0.62,1.01,1,1.2,2
1,0.95,0.77,0.6,1.04,0.84,0.81,0.62,0.74,1.08,1.2,1.23,2
1,0.92,0.61,0.56,0.81,0.73,0.67,0.67,0.58,0.82,1.18,1.12,2
1,0.97,0.68,0.83,0.84,0.96,0.6,0.58,0.7,0.78,0.92,1.07,2
1,0.98,0.62,0.76,0.93,0.71,0.6,0.5,0.87,0.86,1.13,1.1,2
1,0.82,0.3,0.57,0.78,0.68,0.52,0.34,0.43,0.83,0.86,1.06,2
1,0.79,0.36,0.5,0.49,0.68,0.45,0.38,0.36,0.74,0.9,0.71,2
1,0.64,0.39,0.38,0.75,0.75,0.59,0.46,0.42,1.08,1.31,1.35,2
1,0.94,0.54,0.66,0.59,0.68,0.8,0.78,0.6,0.89,1.16,1.13,2
1,0.9,0.88,0.65,1.31,1.04,0.92,0.76,0.67,0.98,1.1,1.07,2
1,0.85,0.76,0.9,0.69,0.23,0.35,0.34,0.28,0.55,0.46,0.51,2
1,1.02,0.94,0.88,0.98,0.39,0.45,0.41,0.36,0.59,0.54,0.57,2
1,0.96,0.73,0.66,0.95,0.34,0.24,0.18,0.36,0.64,0.56,0.56,2
1,1.17,1.03,0.99,0.78,0.3,0.16,0.16,0.19,0.68,0.66,0.64,2
1,0.94,1.15,0.9,0.97,0.67,0.52,0.49,0.5,0.85,0.94,1.01,2
1,0.86,0.99,0.97,0.71,0.62,0.49,0.47,0.46,0.71,0.71,0.87,2
1,1.1,0.82,0.88,0.83,0.53,0.44,0.33,0.47,0.86,0.71,0.73,2
1,1.07,0.8,0.77,1,0.55,0.49,0.39,0.41,0.77,0.67,0.77,2
1,1.05,0.78,0.71,0.85,0.65,0.46,0.43,0.44,0.74,0.84,0.81,2
1,0.85,1,0.9,0.77,0.6,0.37,0.3,0.52,0.96,0.73,0.72,2
1,1.09,0.89,0.91,0.62,0.49,0.33,0.32,0.45,0.82,0.64,0.67,2
1,1.26,0.89,0.98,0.94,0.58,0.48,0.49,0.57,0.83,0.64,0.7,2
1,1.07,0.76,0.81,0.87,0.49,0.47,0.48,0.57,0.78,0.66,0.62,2
1,1.27,0.98,1.25,0.89,0.34,0.21,0.22,0.3,0.57,0.48,0.51,2
1,0.9,0.84,1.03,0.66,0.6,0.4,0.41,0.45,0.63,0.62,0.67,2
1,1.01,0.88,0.98,0.7,0.42,0.29,0.26,0.32,0.52,0.52,0.74,2
1,1,1.18,1.32,1.14,0.88,0.3,0.3,0.42,0.61,0.58,0.77,2
1,1.05,0.98,0.99,1.17,0.86,0.45,0.36,0.38,0.62,0.68,0.91,2
1,1.05,1.14,0.91,1.06,0.64,0.46,0.38,0.38,0.68,0.56,0.6,2
1,1.02,1.26,1.22,1.13,0.75,0.56,0.49,0.49,0.8,0.85,0.71,2
1,0.79,0.73,0.73,0.88,0.72,0.33,0.39,0.33,0.66,0.64,0.68,2
1,1.27,1.16,1.24,0.9,0.91,0.72,0.64,0.69,0.68,0.81,1.22,2
1,0.97,1.02,1.17,0.77,0.94,0.53,0.47,0.58,0.95,0.91,0.8,2
1,0.98,0.81,0.9,0.88,0.68,0.38,0.41,0.58,0.57,0.85,0.98,2
1,1.31,0.92,1.17,1.03,0.88,0.56,0.49,0.62,0.81,1.04,1.1,2
1,0.91,0.61,0.75,0.72,0.82,0.42,0.38,0.39,0.59,0.87,0.81,2
1,0.69,0.64,0.54,0.73,0.5,0.46,0.24,0.26,0.84,0.69,0.63,2
1,1.06,0.84,0.93,0.9,0.69,0.44,0.4,0.37,1.08,0.65,0.76,2
1,1.04,0.92,0.83,0.9,0.74,0.53,0.4,0.47,0.98,0.81,0.9,2
1,0.77,0.56,0.67,0.72,0.64,0.46,0.4,0.34,0.73,0.64,0.64,2
1,0.97,0.67,0.78,0.79,0.59,0.43,0.32,0.37,0.76,0.64,0.52,2
1,0.92,0.9,0.79,0.9,0.56,0.4,0.36,0.47,0.7,0.72,0.6,2
1,0.93,0.61,0.76,0.94,0.42,0.26,0.2,0.31,0.7,0.74,0.76,2
1,0.9,0.68,0.94,0.87,0.68,0.5,0.36,0.41,0.78,0.69,0.81,2
1,0.98,0.58,0.99,1.08,0.59,0.45,0.26,0.44,0.76,0.88,0.86,2
1,1.15,0.83,0.87,1,0.88,0.67,0.46,0.38,1,0.96,0.96,2
1,0.98,0.85,0.6,0.87,0.56,0.46,0.33,0.26,0.66,0.62,0.87,2
1,1.29,0.89,0.71,0.9,0.58,0.47,0.39,0.26,0.65,0.82,0.83,2
1,0.82,0.87,0.93,0.93,0.69,0.58,0.36,0.29,0.67,0.71,0.94,2
1,1.01,0.85,1.12,0.9,0.76,0.54,0.45,0.32,0.78,0.65,0.8,2
1,0.94,0.8,0.78,0.71,0.6,0.44,0.37,0.33,0.62,0.6,0.57,2
1,0.79,0.68,0.75,0.82,0.43,0.35,0.4,0.31,0.7,0.59,0.72,2
1,0.76,0.69,0.9,0.87,0.52,0.51,0.49,0.35,0.81,0.76,0.84,2
1,0.85,0.71,0.7,0.91,0.47,0.66,0.42,0.34,0.77,0.78,0.83,2
1,1.08,0.88,0.81,1.03,0.64,0.54,0.44,0.39,0.73,0.74,0.97,2
1,1.17,0.75,0.69,0.83,0.68,0.53,0.63,0.49,0.63,0.66,0.96,2
1,1.09,0.73,0.78,1.01,0.59,0.56,0.63,0.6,0.84,0.78,0.86,2
1,1.36,0.99,0.75,1.19,0.53,0.57,0.58,0.46,0.99,0.83,0.93,2
1,0.93,0.62,0.67,0.68,0.58,0.39,0.42,0.46,0.89,0.92,0.96,2
1,0.94,0.59,0.77,0.7,0.54,0.39,0.4,0.46,0.59,0.7,0.94,2
1,0.72,0.59,0.62,0.79,0.51,0.43,0.38,0.4,0.61,0.59,0.71,2
1,0.81,0.53,0.69,0.94,0.69,0.37,0.44,0.41,0.95,0.88,0.83,2
1,0.71,0.86,0.51,0.8,0.49,0.32,0.34,0.29,0.95,0.74,0.65,2
1,0.63,0.74,0.7,1.04,0.58,0.44,0.47,0.49,0.96,0.96,0.81,2
1,0.5,0.71,0.64,0.49,0.55,0.46,0.43,0.37,0.87,0.94,0.98,2
1,0.69,0.71,0.78,0.71,0.57,0.46,0.65,0.44,0.74,0.87,0.99,2
1,0.69,0.71,0.63,0.77,0.75,0.58,0.58,0.42,0.87,0.96,1.23,2
1,1.04,0.84,0.95,0.78,0.58,0.68,0.61,0.61,1.15,1.22,1.4,2
1,0.81,0.81,1.11,1.01,0.5,0.6,0.55,0.55,1.1,1,1.11,2
1,0.9,0.88,0.87,1.14,0.62,0.68,0.71,0.66,1.08,1.35,1.4,2
1,1,0.93,0.86,0.87,0.65,0.56,0.75,0.7,1.15,1.01,1.22,2
1,1.25,1.1,1.02,0.97,0.54,0.59,0.83,0.73,1.08,1.24,1.32,2
1,0.93,0.93,0.93,0.63,0.42,0.69,0.72,0.55,1.06,1.04,1.08,2
1,0.6,0.79,0.58,0.49,0.36,0.32,0.28,0.34,0.63,0.81,1.03,2
1,0.67,0.82,0.82,0.56,0.43,0.47,0.39,0.47,0.85,0.71,0.74,2
1,0.58,0.75,0.72,0.49,0.51,0.71,0.33,0.42,0.78,0.7,0.89,2
1,0.74,0.85,0.92,0.78,0.36,0.36,0.28,0.28,0.88,0.99,0.91,2
1,0.9,0.91,0.95,0.86,0.62,0.52,0.43,0.38,0.94,1.23,1.13,2
1,0.89,1.04,1.07,1.01,0.68,0.56,0.42,0.38,0.79,0.83,0.97,2
1,0.87,1.23,1.14,0.89,0.69,0.63,0.58,0.49,0.88,0.97,1.25,2
1,0.75,0.98,0.91,0.7,0.43,0.4,0.4,0.44,0.75,0.77,0.78,2
1,0.98,1.32,1.11,1.07,0.57,0.44,0.51,0.44,0.82,0.76,1.03,2
1,0.64,1.49,1.05,0.96,0.68,0.66,0.59,0.79,0.85,1.16,1.3,2
1,1.18,0.58,0.65,0.84,0.49,0.31,0.21,0.17,0.73,1.19,1.41,2
1,0.93,0.56,0.72,0.86,0.63,0.34,0.2,0.27,0.7,1.33,1.5,2
1,1.08,0.82,0.91,1.17,0.66,0.49,0.42,0.51,0.93,1.23,1.61,2
1,0.76,1.07,1.01,0.75,0.6,0.38,0.31,0.28,0.87,1.04,1.37,2
1,1.01,0.79,0.92,0.81,0.54,0.42,0.37,0.32,0.8,1.23,1.07,2
1,0.87,0.72,0.82,0.96,0.56,0.46,0.55,0.38,0.96,0.96,1.17,2
1,1.14,0.77,0.92,1.1,0.61,0.54,0.66,0.5,1.01,1.05,1.16,2
1,0.88,0.82,0.86,0.83,0.56,0.39,0.56,0.49,0.83,0.97,1.25,2
1,0.99,0.62,0.67,0.68,0.61,0.4,0.28,0.27,0.89,0.93,1.15,2
1,0.77,0.58,0.63,0.68,0.58,0.37,0.32,0.37,0.55,0.65,0.72,2
1,0.47,0.26,0.39,0.58,0.17,0.16,0.14,0.19,0.59,0.74,0.9,2
1,0.83,0.45,0.49,0.77,0.52,0.4,0.31,0.37,0.63,0.71,0.88,2
1,0.93,0.5,0.7,0.9,0.55,0.47,0.44,0.42,0.76,0.78,1.03,2
1,0.68,0.61,0.77,0.86,0.62,0.49,0.42,0.54,0.9,0.88,0.93,2
1,0.67,0.54,0.53,0.78,0.51,0.46,0.4,0.42,0.84,0.71,0.78,2
1,0.58,0.34,0.51,0.54,0.41,0.23,0.24,0.24,0.57,0.5,0.59,2
1,0.9,0.71,1.02,1.06,0.77,0.48,0.47,0.53,1.29,0.87,0.94,2
1,1.64,1.02,1.54,1.19,1.13,0.71,0.69,0.62,1.51,1.24,1.76,2
1,1.05,0.71,0.8,0.68,0.7,0.59,0.53,0.59,1.01,0.99,0.96,2
1,1.07,1.72,1.21,0.77,0.87,0.91,0.6,0.94,1.08,0.99,1.06,2
1,0.89,1,1.21,0.77,1.21,0.49,0.44,0.63,1.04,0.82,1.29,2
1,0.63,0.89,0.94,0.57,0.83,0.53,0.29,0.46,0.76,0.6,0.74,2
1,1.17,0.76,0.89,1.03,0.75,0.76,0.6,0.55,0.97,0.84,1.23,2
1,1.25,1.09,1.05,1.32,0.88,0.73,0.7,0.63,1.05,1.31,1.58,2
1,0.79,0.55,0.74,0.96,0.56,0.57,0.36,0.52,0.74,0.83,0.87,2
1,1.15,1.41,0.92,1.09,0.74,0.5,0.48,0.77,0.89,0.85,1,2
1,1.04,1.02,0.99,1.09,0.63,0.44,0.63,0.77,0.94,0.96,0.97,2
1,1.09,1.09,0.98,1.47,0.75,0.51,0.55,0.35,0.71,1,1.15,2
1,0.85,0.84,0.68,1.1,0.41,0.39,0.58,0.39,0.8,0.82,0.85,2
1,0.93,0.77,0.78,0.71,0.71,0.66,0.46,0.62,0.55,0.89,1.22,2
1,0.65,0.97,1.11,0.79,0.62,0.37,0.41,0.66,1,1,1.1,2
1,0.58,0.88,0.77,0.39,0.41,0.26,0.3,0.29,0.7,0.84,1.03,2
1,1.01,0.96,0.96,1.19,0.55,0.22,0.1,0.18,0.79,0.97,1.07,2
1,1.04,0.87,0.85,0.79,0.35,0.19,0.2,0.28,0.73,0.72,0.79,2
1,1.11,1.02,1.05,0.96,0.53,0.29,0.38,0.47,0.88,0.79,1.02,2
1,1.33,1.01,1.06,1.17,0.7,0.32,0.37,0.37,0.79,1.06,1.17,2
1,0.95,1.24,0.95,1.17,0.44,0.3,0.39,0.51,0.71,0.75,0.86,2
1,0.99,1.02,1.05,1.14,0.59,0.34,0.37,0.46,0.69,0.57,0.84,2
1,0.96,1.4,1.15,0.85,0.5,0.36,0.58,0.52,1.26,1.28,1.28,2
1,1,1.26,0.81,0.9,0.57,0.52,0.51,0.52,0.9,0.7,0.84,2
1,0.66,0.67,1.03,0.84,0.49,0.74,0.45,0.48,0.79,0.74,0.59,2
1,0.81,0.6,0.86,0.67,0.43,0.64,0.5,0.48,0.7,0.75,0.81,2
1,1.04,0.85,1.23,0.96,0.46,0.62,0.66,0.47,1.08,0.91,0.91,2
1,0.78,1.34,1.42,0.81,0.7,0.55,0.5,0.48,0.86,0.88,1.07,2
1,0.77,1.25,1.2,0.8,0.72,0.6,0.45,0.36,0.6,0.66,0.85,2
1,2.94,4.08,2.74,2.48,2.68,2.61,2.15,2.32,1.34,1.35,1.23,3
1,3.35,6.95,4.82,3.76,3.7,3.14,2.91,2.02,2.16,1.98,1.6,3
1,0.6,1.3,1.78,1.14,1.19,0.94,0.87,0.56,1.1,0.94,1.05,3
1,0.86,1.63,1.43,0.73,0.86,1.06,0.69,0.53,0.7,0.67,0.67,3
1,0.9,1.67,1.38,0.71,1.22,0.85,0.42,0.5,0.74,0.88,0.73,3
1,0.83,1.31,1.64,0.66,1.24,0.8,0.36,0.45,0.51,0.64,0.61,3
1,0.71,0.98,0.93,0.57,0.69,0.75,0.39,0.3,0.41,0.34,0.3,3
1,0.5,1.63,1.8,0.61,0.96,0.61,0.44,0.26,0.53,0.6,0.57,3
1,0.96,1.51,1.16,0.93,0.93,0.84,0.79,0.54,0.33,0.25,0.21,3
1,1.27,1.72,1.26,1.05,1.03,1.09,1.09,0.94,0.53,0.52,0.43,3
1,1.04,1.63,1.1,0.94,0.86,0.85,0.91,0.85,0.61,0.56,0.46,3
1,1.15,1.62,1.29,0.78,0.99,1.09,0.85,0.63,0.57,0.44,0.41,3
1,1.04,1.91,1.42,1.04,1.08,0.96,0.82,0.76,0.63,0.59,0.56,3
1,1.44,1.82,1.43,1.18,1.16,1.31,1.28,0.82,1.19,0.59,0.57,3
1,1.3,1.78,1.35,1.07,1.25,1.37,1.5,0.79,0.51,0.5,0.43,3
1,0.98,1.47,0.92,0.81,0.72,0.58,0.75,0.84,0.31,0.51,0.37,3
1,1.18,1.61,1.03,1.04,0.88,0.98,0.65,0.73,0.45,0.51,0.42,3
1,0.9,0.8,1.04,1.05,0.78,0.46,0.29,0.17,0.19,0.22,0.23,3
1,0.91,1.14,1.2,0.97,1.1,0.82,0.59,0.44,0.65,0.5,0.42,3
1,1.12,1.15,0.99,0.81,0.71,0.57,0.48,0.28,0.28,0.3,0.37,3
1,0.98,1.17,0.98,0.75,0.81,0.77,0.54,0.37,0.31,0.26,0.25,3
1,1.03,1.01,0.96,1.03,0.95,0.75,0.62,0.49,0.42,0.38,0.41,3
1,1.31,1.06,1.23,1.22,0.84,0.93,0.8,0.58,0.48,0.54,0.61,3
1,1.71,1.84,2.18,1.7,1.14,0.85,0.68,0.59,0.53,0.46,0.44,3
1,0.89,0.89,1.44,1.05,1.49,0.76,0.34,0.23,0.26,0.25,0.3,3
1,1.15,1.61,1.8,2.11,1.3,0.83,0.33,0.2,0.24,0.24,0.24,3
1,1.11,1.56,1.48,1.98,1.32,0.82,0.39,0.27,0.25,0.25,0.27,3
1,0.94,1.04,1.48,1.66,1.24,0.8,0.52,0.33,0.42,0.44,0.53,3
1,0.85,1.04,1.86,3.03,1.56,0.7,0.43,0.13,0.16,0.13,0.12,3
1,0.93,2.16,2.27,0.9,1.04,0.83,0.67,0.72,0.44,0.47,0.47,3
1,1.23,2.58,3.15,1.37,1.5,1.44,1.38,0.67,0.7,0.64,0.59,3
1,1.27,2.42,1.51,1.04,0.63,0.73,1.17,0.62,0.58,0.55,0.39,3
1,1.14,1.94,1.42,1.01,1.04,0.83,0.75,0.41,0.23,0.2,0.17,3
1,1.29,1.3,1.6,1.52,1.38,1.35,1.6,0.82,0.59,0.47,0.37,3
1,1.11,1.11,0.63,1.22,0.77,0.61,0.51,0.53,1.54,2.44,3.18,4
1,1.17,0.93,0.92,1,0.66,0.67,0.52,0.58,1.49,2.79,4.44,4
1,1.11,0.77,0.93,0.85,0.81,0.56,0.57,0.72,1.4,1.57,2.2,4
1,1.02,0.67,0.56,0.84,0.5,0.41,0.46,0.58,1.18,1.49,1.4,4
1,1.07,0.94,0.72,0.91,0.62,0.44,0.55,0.58,0.85,1.15,1.37,4
1,0.88,0.83,0.77,0.87,0.62,0.44,0.45,0.46,1.04,0.91,1.51,4
1,1.14,0.64,0.82,1.19,0.68,0.75,0.68,0.87,1.26,1.51,1.8,4
1,1.13,0.93,1.1,1.46,0.63,0.76,0.77,0.65,1.91,2.61,3.02,4
1,1.01,0.87,1.09,1.09,0.67,0.5,0.86,0.67,1.48,2.18,2.56,4
1,0.86,0.94,1.02,1.03,0.7,0.58,0.81,0.59,1.33,1.48,1.38,4
1,1.37,1.25,1.28,1.66,0.65,0.78,0.68,1.69,2.47,3.63,5.03,4
1,1.29,1.25,0.83,1.07,0.6,0.63,0.87,1.14,1.63,2.27,2.41,4
1,1.43,0.76,0.95,1.04,0.82,1.42,0.61,1.23,1.59,2.61,2.6,4
1,0.96,0.65,0.91,1.01,0.99,0.84,0.66,1.05,1.76,1.57,1.98,4
1,1.51,1.07,1.3,0.6,0.24,0.18,0.27,0.61,1.17,1.07,0.97,4
1,0.93,0.92,0.67,0.77,0.3,0.38,0.27,0.43,0.83,0.83,0.9,4
1,0.76,1.14,0.88,0.82,0.38,0.33,0.49,0.54,1,1.22,1.28,4
1,0.85,0.77,0.76,0.63,0.31,0.42,0.62,0.73,1.11,0.99,1.17,4
1,1.41,1.35,1.41,1.12,0.8,0.49,0.4,0.62,0.87,1.53,2.46,4
1,1.21,0.86,0.89,1.04,0.65,0.66,0.7,1.2,2.53,2.95,2.48,4
1,1.21,0.8,0.96,1.1,0.74,0.57,0.72,1.08,2.77,3.34,1.41,4
1,1.15,0.5,0.68,0.79,0.64,0.71,0.63,1.45,1.72,2.78,2.36,4
1,0.92,0.78,0.72,0.57,0.4,0.39,0.75,1.53,2.38,2.96,3.46,4
1,1.54,1.57,1.11,1.14,0.71,1.08,0.99,1.19,2.33,4.85,7.36,4
1,1.33,1.65,1.21,1.39,0.66,0.78,0.87,0.86,2.45,4.78,8.83,4
1,1.21,1.59,1.44,1.06,0.83,0.97,0.71,0.73,1.98,2.94,6.49,4
1,1.3,2.21,1.81,1.34,0.96,0.97,0.62,0.84,2.64,4.49,8.08,4
1,1.11,1.18,1.07,1,0.77,0.8,0.65,0.92,3.09,5.73,8.84,4
1,1.24,1.45,1.39,1.22,0.91,1.22,0.94,1.04,2.55,4.22,6.98,4
1,0.9,0.68,0.85,1.24,0.64,0.57,0.75,1.06,2.34,2.93,3.44,4
1,1.08,0.81,1.07,1.01,0.77,0.77,1.08,1.19,1.37,2.77,4.5,4
1,1.06,0.99,1.05,1.26,1.05,1,1.01,1.41,3.14,4.23,5.23,4
1,1.41,1.46,0.97,1.63,0.97,0.98,0.92,1.55,2.98,4.4,5.84,4
1,1.3,1.46,1.23,0.83,0.99,0.96,0.93,1.36,3.25,5.15,9.73,4
1,0.82,1.01,0.98,0.87,0.93,0.96,1.08,1.67,3.42,5.71,6.62,4
1,1.06,0.77,0.94,0.79,0.75,0.66,0.55,0.44,1.47,2.03,4.32,4
1,0.84,0.69,0.93,1.09,0.9,0.9,1.01,0.73,1.29,2.19,3.8,4
1,1.35,0.99,1.01,1.28,1.49,1.34,0.86,1.27,3.22,4.46,6.14,4
1,1.42,1.59,1.17,1.35,1.72,1.26,1.03,1.02,2.1,4.5,7.48,4
1,1.06,0.95,1.02,1.01,0.82,0.84,0.85,0.71,1.62,2.25,4.32,4
1,1.37,1.02,1.41,1.15,1.15,1.07,1.06,0.87,1.92,3.09,4.62,4
1,1.2,1.2,1.25,1.09,0.84,1.23,1.29,1.19,1.65,2.35,5.16,4
1,1.14,2.09,1.91,1.12,1.27,1.35,0.91,0.87,1.65,2.55,4.63,4
1,1.29,1.05,0.73,0.72,5.63,3.5,1.94,0.94,1.33,1.69,1.88,6
1,0.95,0.91,1.01,1.07,6.95,2.54,1.47,1.46,1.39,1.13,1.26,6
1,0.69,0.83,0.48,1.35,3.17,3.24,2.86,1.56,1.16,1.15,0.92,6
1,1.05,1.41,0.94,1.01,2.96,3.27,2.91,1.82,0.94,0.71,0.64,6
1,1.19,1.76,1.72,1.53,4.79,6.12,3.42,2.25,1.58,0.88,0.82,6
1,0.95,1.47,1.91,1.21,2.59,7.23,4.63,1.79,1.29,1.22,0.85,6
1,1.17,1.47,1.31,1.17,3.12,8.91,7.43,1.21,0.97,0.78,0.73,6
1,0.83,1.67,2.7,1.55,5.06,3.1,2.36,1.72,1.6,1.41,1.77,6
1,1.07,1.46,1.64,1.51,5.17,3.02,2.18,1.55,0.82,0.89,0.85,6
1,1.19,0.82,1.4,2.33,3.4,2.66,2.23,1.38,0.96,1.12,1.15,6
1,0.71,0.87,0.79,1.71,4.34,3.1,2.81,1.19,1.11,1.11,1.16,6
1,0.61,1.25,1.13,3.09,4.11,5.69,6.03,2.7,1.6,1.49,1.14,6
1,0.9,0.73,1.35,1.65,7.93,5.7,4.59,1.92,1.59,1.13,1.03,6
1,0.81,0.5,1.29,2.04,4.52,3.38,3.51,1.38,0.87,0.69,0.71,6
1,1.11,0.88,1.79,1.47,1.87,3,4.03,2.31,1.01,0.68,0.7,6
1,1.06,1.56,1.05,1.55,2.18,2.84,2.98,1.77,1.28,0.9,0.6,6
1,0.81,0.94,1.07,0.82,4.51,3.6,2.62,1.97,1.09,1.69,1.68,6
1,0.84,0.92,0.96,0.89,3.44,3.24,2.44,1.51,1.59,1.44,1.75,6
1,0.71,0.9,1.06,0.84,4.89,6.63,5.37,1.09,0.95,1.55,2.21,6
1,0.77,0.78,0.79,0.78,2.71,2.03,1.92,1.73,0.86,0.91,0.7,6
1,0.6,1.08,0.74,0.76,2.23,2.84,3.12,1.41,0.68,1.26,0.85,6
1,0.57,0.71,0.98,1,3.16,6.78,7.18,2.38,0.81,0.94,0.87,6
1,1.11,0.68,0.97,1.02,3.35,7.25,8.18,3.13,1.96,2.28,1.58,6
1,1.19,1.27,1.23,0.99,2.19,2.07,2.75,3.39,1.57,1.46,1.29,6
1,1.1,1.36,1.53,0.77,2.48,2.31,2.12,2.28,1.44,1.07,1.1,6
1,0.73,1.81,1.41,1.1,3.02,2.87,2.47,2.2,1.1,1.06,0.95,6
1,0.69,0.87,1.18,0.66,2.04,1.94,2.29,1.48,0.9,1.28,1.34,6
1,1.12,1.37,1.33,0.93,3.55,3.13,2.27,2.28,1.56,2.34,2.14,6
1,1.05,1.22,1.2,0.81,2.3,2.59,2.61,1.92,1.81,1.51,1.84,6
1,0.98,1.25,1.2,0.78,2.56,2.83,3.57,3.47,1.88,1.71,1.33,6
1,1.09,1.13,1.49,1.6,3.28,4.3,4.01,2.47,2.36,1.99,1.76,6
1,1.26,1.3,1.49,1.13,4.49,3.94,2.82,1.55,1.81,1.55,1.47,6
1,1.2,1.25,1.11,1.64,4.33,4.53,2.9,2.13,2,1.69,1.64,6
1,1.17,1.22,0.73,0.85,1.11,1.42,1.9,1.66,1.63,2.45,4.04,7
1,0.86,0.69,0.62,1.02,0.97,1.11,1.13,1.24,1.8,1.95,2.69,7
1,1.07,0.65,0.97,1.18,1.37,1.39,1.92,3.04,3.44,4.53,6.13,7
1,1.07,1,1.11,0.93,1.28,1.52,1.45,1.5,1.82,2.66,3.84,7
1,0.71,0.85,0.89,1.15,0.97,1.07,1.75,1.69,2.53,3.89,5.84,7
1,1.16,1.49,1.4,1.41,1.4,1.86,2.26,3.27,4.06,4.43,4.7,7
1,1.24,0.92,1,1.39,1.49,1.12,1.56,1.97,3.24,2.68,3.19,7
1,0.99,0.71,0.77,0.98,1.26,1.02,1.32,1.95,3.3,2.95,3.26,7
1,1.11,0.72,0.86,1.08,1.1,1.12,1.55,1.39,2.07,2.24,2.71,7
1,0.95,0.8,0.95,0.88,1.1,1.24,1.68,1.7,2.36,2.56,2.44,7
1,0.97,0.66,0.71,1.08,1.07,1.25,1.7,1.7,2.04,2.09,2.56,7
1,0.87,0.56,0.7,1.38,1.55,1.78,1.94,2.95,2.68,2.58,2.67,7
1,0.93,0.69,1.1,1.32,1.08,1.3,1.96,2.36,2.11,2.71,2.88,7
1,0.91,0.66,0.78,0.83,1.24,1.82,1.31,1.55,2.52,2.13,2.08,7
1,0.91,0.64,0.81,0.83,1.18,2.11,3.33,3.68,2.71,2.4,2.27,5
1,0.44,0.75,0.8,0.72,1.51,3.27,5.54,4.37,2.42,3.97,3.26,5
1,0.44,0.49,0.61,0.98,1.05,1.39,2.18,2.42,1.91,2.33,1.65,5
1,1.19,0.92,0.68,1.15,0.97,1.95,2.81,2.99,2.35,2.25,2.07,5
1,0.74,0.62,0.86,1.12,1.08,1.65,2.98,2.99,2.26,2.21,1.8,5
1,0.79,1.02,1.09,0.66,0.88,1.31,2.61,4.2,2.29,1.76,1.39,5
1,0.44,0.52,0.53,0.34,0.62,0.58,0.7,1.08,0.89,0.79,0.78,5
1,0.88,1.05,1.09,0.72,1.07,0.88,0.99,1.54,1.9,1.83,1.71,5
1,0.7,1.2,1.15,0.68,1.03,1.22,1.98,2.16,2.14,2.01,2.4,5
1,1,1.94,1.62,1.08,1.61,1.72,1.56,1.62,1.89,1.95,2.35,5
1,0.74,1.1,0.43,0.77,0.85,0.75,1.06,1.96,1.64,1.54,1.37,5
1,1.23,1.02,1.31,1.32,1.61,1.58,1.36,1.48,1.65,2.33,3.1,5
1,0.98,0.53,0.76,0.98,1.88,1.37,1.23,1.27,2.17,2.92,2.2,5
1,0.9,0.57,0.68,0.84,1.48,1.65,1.94,2.58,2.23,1.87,1.52,5
1,1.05,0.86,0.65,0.99,3.08,4.27,7.53,4.93,3.75,3.02,2.48,5
1,0.61,0.48,0.65,0.67,1.29,1.3,2.36,2.09,1.14,1.51,1.74,5
1,1.12,1.32,1.11,0.75,2.01,3.27,3.95,3.86,3,2.75,2.39,5
1,1.02,1.05,1.02,1.12,2.2,3.42,3.81,3.53,2.89,3.3,3.37,5
1,0.7,1.01,1.14,1.26,2.21,2.87,2.98,2.32,1.71,1.52,1.25,5
1,0.81,1.13,1.18,1.11,2.23,2.24,2.37,2.35,1.95,1.63,1.66,5
1,0.83,1.05,0.99,1.04,1.64,1.92,1.75,1.98,1.68,1.31,1.32,5
1,0.89,0.81,0.87,1.47,1.96,2.08,2.45,2.45,1.78,1.6,1.54,5
1,0.9,0.88,0.94,1.59,2.42,2.8,3.01,2.47,2.2,2.19,1.55,5
1,0.67,0.9,0.99,0.99,2.4,2.72,3.89,3.16,1.73,1.59,1.24,5
1,0.9,1.08,1.28,2.58,5.03,6.26,9.22,8.54,2.74,2.47,2.88,5
1,1.13,1.01,0.99,1.98,2.94,3.51,3.97,3.54,2.93,2.4,2.19,5
1,0.83,0.7,0.73,0.74,2.27,2.55,2.8,2.85,2.01,1.52,1.4,5
1,1.27,0.63,0.88,0.84,2.71,3.75,4.97,4.91,2.77,2.51,2.29,5
1,0.78,0.66,0.77,1.06,1.74,3.75,5.36,4.63,2.13,2.44,1.93,5
1,0.92,0.97,0.9,0.83,1.9,3.75,4.97,4.33,2.32,2.21,1.88,5
1,1.14,0.96,0.98,1.49,3.18,5.41,9.55,8.05,4.48,3.02,2.1,5
1,0.8,0.58,0.44,0.57,0.9,0.94,1.5,1.39,1.27,1.82,1.75,5
1,1.34,0.99,0.8,1.26,1.12,1.56,2.06,2.44,2.49,2.63,2.31,5
1,0.92,0.93,0.74,0.74,1.17,1.63,2.56,3.2,3.57,3.77,4.18,5
1,1.32,1.06,0.81,1.72,3.62,4.13,4.96,5.56,6.84,6.18,5.31,5
1,0.56,0.76,0.62,0.91,1.91,2.16,3.74,2.6,4.84,4.79,4.52,5
1,0.7,0.81,0.89,1.57,1.94,1.82,2.46,2.36,2.74,2.62,2.23,5
1,0.92,0.98,1.03,1.38,1.82,1.96,2.06,2.17,3.19,3.36,3.42,5
1,1.15,0.93,1.17,1.78,2.18,1.96,2.01,3.03,3.35,2.53,2.59,5
1,0.93,0.61,0.79,0.91,1.06,1.38,1.78,1.89,1.75,1.49,1.45,5
1,0.73,0.7,0.73,1.04,1.31,1.24,1.61,1.87,1.69,1.78,2.01,5
1,0.95,0.71,0.97,1.21,2.09,1.98,2.33,2.08,1.78,2.1,2.37,5
1,0.95,0.81,0.97,1.4,1.31,1.36,2,1.97,2.09,2.09,2.22,5
1,0.89,0.78,1.02,1,1.59,1.75,2.33,2.43,2.26,2.38,2.45,5
1,0.76,0.76,0.89,1.1,1.77,2.36,3.43,3,4.49,3.69,3.21,5
1,1.21,1.16,1.32,1.46,2.4,3.43,4.29,3.97,4.93,3.55,2.96,5
1,1.16,2.28,2.27,1.09,2.81,3.16,3.66,4.36,2.8,3.12,2.54,5
1,0.96,1.27,0.97,1.19,1.46,1.76,1.94,2.4,2.31,1.81,1.53,5
1,0.85,1.12,1.1,0.75,1.12,1.55,1.65,2.29,1.61,1.48,1.49,5
1,0.74,1.24,1.15,0.72,1.5,1.65,1.63,2.23,1.88,1.65,1.65,5
1,0.73,0.95,0.93,0.89,1.39,1.69,1.87,1.89,2.02,2.04,1.87,5
1,0.72,1.03,0.65,0.63,1.16,1.74,1.88,1.99,2.03,2.21,2.35,5
1,0.56,1.07,0.57,0.8,1.45,2.68,2.7,2.86,3.32,2.95,2.61,5
1,0.76,1.23,1.07,0.46,2.04,3.32,3.73,3.8,3.54,4.91,4.13,5
1,1.08,1.06,0.94,1.01,1.32,1.39,2.37,2.44,1.9,1.66,1.45,5
1,0.78,0.88,0.75,0.68,1.67,1.98,2.7,3.39,1.98,2.24,1.82,5
1,0.95,1.2,1.32,1.14,2.29,2.21,2.8,2.25,3.11,2.44,2.54,5
1,1.03,1.12,1,1.05,2.11,3.21,3.58,3.7,3.19,3.36,3.04,5
1,1.07,0.76,1.02,0.9,3.57,4.44,6.8,7,7.33,5.95,5.13,5
